{"cameraMode":{"drawMode":0,"name":"Shaded","section":"Shading Mode"},"sceneLighting":true,"audioPlay":false,"sceneViewState":{"m_AlwaysRefresh":false,"showFog":true,"showSkybox":true,"showFlares":true,"showImageEffects":true,"showParticleSystems":true,"showVisualEffectGraphs":true,"m_FxEnabled":true},"in2DMode":false,"pivot":{"x":-1.1339174509048463,"y":0.03388267755508423,"z":0.9944718480110169},"rotation":{"x":0.21704810857772828,"y":0.04244761914014816,"z":-0.0094475531950593,"w":0.9751915335655212},"size":13.960861206054688,"orthographic":true}