{"cameraMode":{"drawMode":0,"name":"Shaded","section":"Shading Mode"},"sceneLighting":true,"audioPlay":false,"sceneViewState":{"m_AlwaysRefresh":false,"showFog":true,"showSkybox":true,"showFlares":true,"showImageEffects":true,"showParticleSystems":true,"showVisualEffectGraphs":true,"m_FxEnabled":true},"in2DMode":false,"pivot":{"x":-1.1339174509048463,"y":0.03388267755508423,"z":0.9944718480110169},"rotation":{"x":-0.33706724643707278,"y":0.0005635521374642849,"z":-0.00020084709103684872,"w":-0.941448450088501},"size":0.7986440658569336,"orthographic":true}