{"cameraMode":{"drawMode":0,"name":"Shaded","section":"Shading Mode"},"sceneLighting":true,"audioPlay":false,"sceneViewState":{"m_AlwaysRefresh":false,"showFog":true,"showSkybox":true,"showFlares":true,"showImageEffects":true,"showParticleSystems":true,"showVisualEffectGraphs":true,"m_FxEnabled":true},"in2DMode":false,"pivot":{"x":-0.6951679587364197,"y":0.25412890315055849,"z":0.7619701623916626},"rotation":{"x":-0.20094604790210725,"y":0.240223690867424,"z":-0.05090169981122017,"w":-0.9483099579811096},"size":1.2118579149246216,"orthographic":true}