{"cameraMode":{"drawMode":0,"name":"Shaded","section":"Shading Mode"},"sceneLighting":true,"audioPlay":false,"sceneViewState":{"m_AlwaysRefresh":false,"showFog":true,"showSkybox":true,"showFlares":true,"showImageEffects":true,"showParticleSystems":true,"showVisualEffectGraphs":true,"m_FxEnabled":true},"in2DMode":false,"pivot":{"x":-0.862909197807312,"y":-0.23699378967285157,"z":1.2430665493011475},"rotation":{"x":0.3033820688724518,"y":-0.06567974388599396,"z":0.020966794341802598,"w":0.9503682255744934},"size":1.9044742584228516,"orthographic":true}