{"cameraMode":{"drawMode":0,"name":"Shaded","section":"Shading Mode"},"sceneLighting":true,"audioPlay":false,"sceneViewState":{"m_AlwaysRefresh":false,"showFog":true,"showSkybox":true,"showFlares":true,"showImageEffects":true,"showParticleSystems":true,"showVisualEffectGraphs":true,"m_FxEnabled":true},"in2DMode":false,"pivot":{"x":2.9860079288482668,"y":2.7412915229797365,"z":-9.135343551635743},"rotation":{"x":-0.16968238353729249,"y":0.1594693660736084,"z":-0.027836205437779428,"w":-0.9721108078956604},"size":2.898829936981201,"orthographic":true}