{"cameraMode":{"drawMode":0,"name":"Shaded","section":"Shading Mode"},"sceneLighting":true,"audioPlay":false,"sceneViewState":{"m_AlwaysRefresh":false,"showFog":true,"showSkybox":true,"showFlares":true,"showImageEffects":true,"showParticleSystems":true,"showVisualEffectGraphs":true,"m_FxEnabled":true},"in2DMode":false,"pivot":{"x":-1.130000114440918,"y":2.3031225204467775,"z":-2.0531225204467775},"rotation":{"x":-0.22846843302249909,"y":0.20325742661952973,"z":-0.04883965849876404,"w":-0.9508437514305115},"size":2.909130573272705,"orthographic":true}