{"cameraMode":{"drawMode":0,"name":"Shaded","section":"Shading Mode"},"sceneLighting":true,"audioPlay":false,"sceneViewState":{"m_AlwaysRefresh":false,"showFog":true,"showSkybox":true,"showFlares":true,"showImageEffects":true,"showParticleSystems":true,"showVisualEffectGraphs":true,"m_FxEnabled":true},"in2DMode":false,"pivot":{"x":0.017985224723815919,"y":1.81473708152771,"z":-1.8862922191619874},"rotation":{"x":-0.10805708914995194,"y":0.35186079144477847,"z":-0.04093312844634056,"w":-0.9288846254348755},"size":1.604414463043213,"orthographic":true}