{"cameraMode":{"drawMode":0,"name":"Shaded","section":"Shading Mode"},"sceneLighting":true,"audioPlay":false,"sceneViewState":{"m_AlwaysRefresh":false,"showFog":true,"showSkybox":true,"showFlares":true,"showImageEffects":true,"showParticleSystems":true,"showVisualEffectGraphs":true,"m_FxEnabled":true},"in2DMode":false,"pivot":{"x":-0.862909197807312,"y":-0.23699378967285157,"z":1.2430665493011475},"rotation":{"x":0.17158392071723939,"y":-0.026595890522003175,"z":0.00463464017957449,"w":0.9847984313964844},"size":1.269408941268921,"orthographic":true}